Workbook

Sheet Cockpit
B2: Projekt-Cockpit: Interviewplanung
B5: Status Übersicht | E5: Team Auslastung | H5: Top Städte | K5: Top Angebotstypen
B6: Status | C6: Anzahl | E6: Name | F6: Einsätze | H6: Stadt | I6: Anzahl | K6: Typ | L6: Anzahl
B7: Kontaktiert | C7: =COUNTIF(Übersicht!F$5:F$500, "Kontaktiert") | E7: Andreas Braxmeier | F7: =COUNTIF(Übersicht!H$5:H$500, "Andreas Braxmeier") + COUNTIF(Übersicht!I$5:I$500, "Andreas Braxmeier") | H7: Villingen-Schwenningen | I7: =COUNTIF(Übersicht!C$5:C$500, "Villingen-Schwenningen") | K7: Kinder- & Jugendarbeit | L7: =COUNTIF(Übersicht!B$5:B$500, "Kinder- & Jugendarbeit")
B8: Nachfragen | C8: =COUNTIF(Übersicht!F$5:F$500, "Nachfragen") | E8: Nadine Beha | F8: =COUNTIF(Übersicht!H$5:H$500, "Nadine Beha") + COUNTIF(Übersicht!I$5:I$500, "Nadine Beha") | H8: St. Georgen | I8: =COUNTIF(Übersicht!C$5:C$500, "St. Georgen") | K8: Sportangebot | L8: =COUNTIF(Übersicht!B$5:B$500, "Sportangebot")
B9: Zusage | C9: =COUNTIF(Übersicht!F$5:F$500, "Zusage") | E9: Sophie Scheffler | F9: =COUNTIF(Übersicht!H$5:H$500, "Sophie Scheffler") + COUNTIF(Übersicht!I$5:I$500, "Sophie Scheffler") | H9: Donaueschingen | I9: =COUNTIF(Übersicht!C$5:C$500, "Donaueschingen") | K9: Prävention | L9: =COUNTIF(Übersicht!B$5:B$500, "Prävention")
B10: Terminiert | C10: =COUNTIF(Übersicht!F$5:F$500, "Terminiert") | E10: Ragavi Anusujantha | F10: =COUNTIF(Übersicht!H$5:H$500, "Ragavi Anusujantha") + COUNTIF(Übersicht!I$5:I$500, "Ragavi Anusujantha") | H10: Bad Dürrheim | I10: =COUNTIF(Übersicht!C$5:C$500, "Bad Dürrheim") | K10: Soziales | L10: =COUNTIF(Übersicht!B$5:B$500, "Soziales")
B11: Durchgeführt | C11: =COUNTIF(Übersicht!F$5:F$500, "Durchgeführt") | E11: Nina Ludwig | F11: =COUNTIF(Übersicht!H$5:H$500, "Nina Ludwig") + COUNTIF(Übersicht!I$5:I$500, "Nina Ludwig") | H11: Triberg | I11: =COUNTIF(Übersicht!C$5:C$500, "Triberg") | K11: Beratung | L11: =COUNTIF(Übersicht!B$5:B$500, "Beratung")
B12: Abgeschlossen | C12: =COUNTIF(Übersicht!F$5:F$500, "Abgeschlossen") | H12: Hüfingen | I12: =COUNTIF(Übersicht!C$5:C$500, "Hüfingen") | K12: BOS | L12: =COUNTIF(Übersicht!B$5:B$500, "BOS")
B13: Absage | C13: =COUNTIF(Übersicht!F$5:F$500, "Absage") | H13: Schonach | I13: =COUNTIF(Übersicht!C$5:C$500, "Schonach") | K13: Musik | L13: =COUNTIF(Übersicht!B$5:B$500, "Musik")

Sheet Infos & Ressourcen
A1: Wichtige Projekt-Informationen
A3: Thema | B3: Link / Ort | C3: Benutzername | D3: Passwort / Notiz
A4: Zoom Meeting Raum
A5: Projektordner (Drive)
A6: Miro Board
A7: Interviewleitfaden (Link)

Sheet Übersicht
A1: ÜBERSICHT | B1: Anzahl: 54
A4: Name | B4: Angebotstyp | C4: Stadt | D4: E-Mail | E4: Kategorie | F4: Status | G4: Ansprechpartner | H4: Interviewer 1 | I4: Interviewer 2 | J4: Datum | K4: Uhrzeit | L4: Dauer | M4: Art | N4: Ort / Link | O4: Themen | P4: Unterlagen
A5: Katholisches Familienzentrum St. Konrad | B5: Soziales / Selbsthilfe | C5: Villingen-Schwenningen | D5: kontakt@familienzentrum-stkonrad.de | E5: Groß & Regelmäßig
A6: Ago e.V. | B6: Prävention | C6: Donaueschingen | D6: info@verein-ago.de | E6: Groß & Regelmäßig
A7: Psychologische Beratungsstelle Ev./Kath. Kirche | B7: Beratung | C7: Villingen-Schwenningen | D7: gemeindebuero.schwenningen@elk-wue.de | E7: Groß & Regelmäßig
A8: Sommerrainschule St. Georgen -- Sportangebote | B8: Sportangebot | C8: St. Georgen | D8: sbbz-st.georgen@t-online.de | E8: Groß & Regelmäßig
A9: Kinderfeuerwehr St. Georgen | B9: BOS | C9: St. Georgen | D9: info@feuerwehr-st-georgen.de | E9: Groß & Regelmäßig
A10: Neckarschule -- Klasse 2000 | B10: Prävention | C10: Villingen-Schwenningen | D10: neckarschule@villingen-schwenningen.de | E10: Groß & Regelmäßig
A11: Georg Müller Grund- und Realschule -- Präventionskonzept | B11: Prävention | C11: Villingen-Schwenningen | D11: info@gmsvs.de | E11: Groß & Regelmäßig
A12: Caritas Schwangerschaftsberatung | B12: Beratung | C12: Villingen-Schwenningen | D12: info@caritas-sbk.de | E12: Groß & Regelmäßig
A13: Sozialpsychiatrischer Dienst (Caritas) | B13: Soziales | C13: Villingen-Schwenningen | D13: elke.schwarz@caritas-sbk.de | E13: Groß & Regelmäßig
A14: Malteser Hilfsdienst -- Psychosoziale Notfallvorsorge | B14: BOS | C14: Villingen-Schwenningen | D14: Rainer.Kuehl@malteser.org | E14: Groß & Regelmäßig
A15: AWO Haus der Kinder | B15: Betreuung | C15: Villingen-Schwenningen | D15: hausderkinder@awo-ov-vs.de | E15: Groß & Regelmäßig
A16: Pro Familia Villingen-Schwenningen | B16: Beratung | C16: Villingen-Schwenningen | D16: vs-villingen@profamilia.de | E16: Groß & Regelmäßig
... A58: Trachtenkapelle Buchenberg | B58: Musik | C58: Königsfeld | D58: tk-buchenberg@t-online.de | E58: Klein & Gelegentlich

Sheet Groß & Regelmäßig
A1: GROSS & REGELMÄSSIG | B1: Anzahl: 13
A4: Name | B4: Angebotstyp | C4: Stadt | D4: E-Mail | E4: Kategorie | F4: Status | G4: Ansprechpartner | H4: Interviewer 1 | I4: Interviewer 2 | J4: Datum | K4: Uhrzeit | L4: Dauer | M4: Art | N4: Ort / Link | O4: Themen | P4: Unterlagen
A5: Katholisches Familienzentrum St. Konrad | B5: Soziales / Selbsthilfe | C5: Villingen-Schwenningen | D5: kontakt@familienzentrum-stkonrad.de | E5: Groß & Regelmäßig
A6: Ago e.V. | B6: Prävention | C6: Donaueschingen | D6: info@verein-ago.de | E6: Groß & Regelmäßig
A7: Psychologische Beratungsstelle Ev./Kath. Kirche | B7: Beratung | C7: Villingen-Schwenningen | D7: gemeindebuero.schwenningen@elk-wue.de | E7: Groß & Regelmäßig
A8: Sommerrainschule St. Georgen -- Sportangebote | B8: Sportangebot | C8: St. Georgen | D8: sbbz-st.georgen@t-online.de | E8: Groß & Regelmäßig
A9: Kinderfeuerwehr St. Georgen | B9: BOS | C9: St. Georgen | D9: info@feuerwehr-st-georgen.de | E9: Groß & Regelmäßig
A10: Neckarschule -- Klasse 2000 | B10: Prävention | C10: Villingen-Schwenningen | D10: neckarschule@villingen-schwenningen.de | E10: Groß & Regelmäßig
A11: Georg Müller Grund- und Realschule -- Präventionskonzept | B11: Prävention | C11: Villingen-Schwenningen | D11: info@gmsvs.de | E11: Groß & Regelmäßig
A12: Caritas Schwangerschaftsberatung | B12: Beratung | C12: Villingen-Schwenningen | D12: info@caritas-sbk.de | E12: Groß & Regelmäßig
A13: Sozialpsychiatrischer Dienst (Caritas) | B13: Soziales | C13: Villingen-Schwenningen | D13: elke.schwarz@caritas-sbk.de | E13: Groß & Regelmäßig
A14: Malteser Hilfsdienst -- Psychosoziale Notfallvorsorge | B14: BOS | C14: Villingen-Schwenningen | D14: Rainer.Kuehl@malteser.org | E14: Groß & Regelmäßig
A15: AWO Haus der Kinder | B15: Betreuung | C15: Villingen-Schwenningen | D15: hausderkinder@awo-ov-vs.de | E15: Groß & Regelmäßig
A16: Pro Familia Villingen-Schwenningen | B16: Beratung | C16: Villingen-Schwenningen | D16: vs-villingen@profamilia.de | E16: Groß & Regelmäßig
A17: Sportangebot Öfingen 1969 | B17: Sportangebot | C17: Bad Dürrheim | D17: jugend@sv-oefingen.de | E17: Groß & Regelmäßig

Sheet Groß & Gelegentlich
A1: GROSS & GELEGENTLICH | B1: Anzahl: 14
A4: Name | B4: Angebotstyp | C4: Stadt | D4: E-Mail | E4: Kategorie | F4: Status | G4: Ansprechpartner | H4: Interviewer 1 | I4: Interviewer 2 | J4: Datum | K4: Uhrzeit | L4: Dauer | M4: Art | N4: Ort / Link | O4: Themen | P4: Unterlagen
A5: BEKJ Villingen-Schwenningen | B5: Beratung | C5: Villingen-Schwenningen | D5: beratungsstelle-bekj-fw@Lrasbk.de | E5: Groß & Gelegentlich
A6: Polizei Triberg -- Präventionsvorträge | B6: Prävention | C6: Triberg | D6: Keine E-Mail! | E6: Groß & Gelegentlich
A7: Schwarzwald-Gymnasium | B7: Beratung | C7: Triberg | D7: rf@schwarzwald-gymnasium.de | E7: Groß & Gelegentlich
A8: Lernort Natur -- Jägervereinigung SBK | B8: Natur | C8: SBK | D8: kjm-kjv-sbk@outlook.de | E8: Groß & Gelegentlich
A9: Naturfreunde | B9: Umweltschutz | C9: Bräunlingen | D9: naturfreunde-braeunlingen@gmx.de | E9: Groß & Gelegentlich
A10: Kontaktstelle Beratung & Freizeit | B10: Soziales | C10: Donaueschingen | D10: David.Mueller@Bruderhausdiakonie.de | E10: Groß & Gelegentlich
A11: Schulnetzwerk | B11: Bildung | C11: St. Georgen | D11: sekretariat@rsstg.de | E11: Groß & Gelegentlich
A12: AWO Kinder- und Jugendhilfe | B12: Soziales | C12: Villingen-Schwenningen | D12: s.brunner@awo-ov-vs.de | E12: Groß & Gelegentlich
A13: DRK -- Psychosoziale Notfallvorsorge | B13: BOS | C13: Villingen-Schwenningen | D13: mail@psnv-sbk.de | E13: Groß & Gelegentlich
A14: Projekt Bewegte Schule -- Dom-Clemente-Schule | B14: Sportangebot | C14: Schonach | D14: d.tritschler@schonach.de | E14: Groß & Gelegentlich
A15: Schönwälder Naturfreibad | B15: Sportstätte | C15: Schönwald | D15: mail@schoenwald.de | E15: Groß & Gelegentlich
A16: Freibad Tannheim | B16: Sportstätte | C16: Tannheim | D16: info@freibad-tannheim.de | E16: Groß & Gelegentlich
... A18: BUND Ortsverband | B18: Umweltschutz | C18: Königsfeld | D18: bund.sbh@bund.net | E18: Groß & Gelegentlich

Sheet Klein & Regelmäßig
A1: KLEIN & REGELMÄSSIG | B1: Anzahl: 14
A4: Name | B4: Angebotstyp | C4: Stadt | D4: E-Mail | E4: Kategorie | F4: Status | G4: Ansprechpartner | H4: Interviewer 1 | I4: Interviewer 2 | J4: Datum | K4: Uhrzeit | L4: Dauer | M4: Art | N4: Ort / Link | O4: Themen | P4: Unterlagen
A5: Bundesverband Psychiatrie-Erfahrener e.V. | B5: Selbsthilfe | C5: Villingen-Schwenningen | D5: kontakt-info@bpe-online.de | E5: Klein & Regelmäßig
A6: Jugendhaus Fürstenberg | B6: Kinder- & Jugendarbeit | C6: Hüfingen | D6: Svenja.markowitsch@huefingen.de | E6: Klein & Regelmäßig
A7: Jugendtreff Hasen | B7: Kinder- & Jugendarbeit | C7: Tuningen | D7: Jugendtreff-hasen@web.de | E7: Klein & Regelmäßig
A8: Jugendclub Schabenhausen | B8: Kinder- & Jugendarbeit | C8: Niedereschach | D8: info@jc-niederschach.de | E8: Klein & Regelmäßig
A9: Naturparkschule Josef-Hebting-Schule | B9: Natur | C9: Vöhrenbach | D9: sekretariat@jhs-voehrenbach.de | E9: Klein & Regelmäßig
A10: Jugendhaus Blumberg | B10: Kinder- & Jugendarbeit | C10: Blumberg | D10: sasa.hustic@stadt-blumberg.de | E10: Klein & Regelmäßig
A11: Jugendhaus Behla | B11: Kinder- & Jugendarbeit | C11: Hüfingen | D11: Svenja.markowitsch@huefingen.de | E11: Klein & Regelmäßig
A12: Generationentreff LEBENSWert | B12: Soziales | C12: Bad Dürrheim | D12: info@generationentreff-lebenswert.de | E12: Klein & Regelmäßig
A13: Jugendmusikschule -- Musikalische Früherziehung | B13: Musik | C13: Triberg | D13: jms@jugendmusikschulen.de | E13: Klein & Regelmäßig
A14: Jugendtreff | B14: Kinder- & Jugendarbeit | C14: Furtwangen | D14: Dmaute.stadt@furtwangen.de | E14: Klein & Regelmäßig
A15: Reitsportgemeinschaft Gnadental | B15: Sportangebot | C15: Donaueschingen | D15: (Tel. 0771 61723) | E15: Klein & Regelmäßig
A16: Reit- und Fahrverein Donaueschingen e.V. | B16: Sportangebot | C16: Donaueschingen | D16: vorstand1@ruf-donaueschingen.de | E16: Klein & Regelmäßig
... A18: Jugendhaus Hüfingen | B18: Kinder- & Jugendarbeit | C18: Hüfingen | D18: Svenja.markowitsch@huefingen.de | E18: Klein & Regelmäßig

Sheet Klein & Gelegentlich
A1: KLEIN & GELEGENTLICH | B1: Anzahl: 13
A4: Name | B4: Angebotstyp | C4: Stadt | D4: E-Mail | E4: Kategorie | F4: Status | G4: Ansprechpartner | H4: Interviewer 1 | I4: Interviewer 2 | J4: Datum | K4: Uhrzeit | L4: Dauer | M4: Art | N4: Ort / Link | O4: Themen | P4: Unterlagen
A5: Initiative Gesund leben in St. Georgen | B5: Prävention | C5: St. Georgen | D5: (Keine Mail gefunden) | E5: Klein & Gelegentlich
A6: Blaues Kreuz in Deutschland e.V. | B6: Prävention | C6: St. Georgen | D6: b.becker@bluprevent.de | E6: Klein & Gelegentlich
A7: Kegel Sport Club Brigachtal | B7: Sportangebot | C7: Brigachtal | D7: Gunnar.tr@web.de | E7: Klein & Gelegentlich
A8: Fischereigemeinschaft Gütenbach | B8: Sportangebot | C8: Gütenbach | D8: info@guetenbach.de | E8: Klein & Gelegentlich
A9: Sportkegelclub Kegelfreunde Unterkirnach | B9: Sportangebot | C9: Unterkirnach | D9: vorstand.skckegelfreundeunterkirnach@gmx.de | E9: Klein & Gelegentlich
A10: Harmonikaverein & Josef-Hebting-Schule | B10: Musik | C10: Vöhrenbach | D10: marinaguenter@gmx.de | E10: Klein & Gelegentlich
A11: VHS Tuningen | B11: Bildung | C11: Tuningen | D11: vhs@villingen-schwenningen.de | E11: Klein & Gelegentlich
A12: Feuerwehr Schonach | B12: BOS | C12: Schonach | D12: ts@feuerwehr-schonach.de | E12: Klein & Gelegentlich
A13: Städtischer Familienpass | B13: Kinder- & Jugendarbeit | C13: Bräunlingen | D13: Stephanie.engesser@braeunlingen.de | E13: Klein & Gelegentlich
A14: SBBZ Weiherdammschule | B14: Bildung / Beratung | C14: Blumberg | D14: info@weiherdammschule-blumberg.de | E14: Klein & Gelegentlich
A15: Schulsozialarbeit GMS Eschach-Neckar | B15: Kinder- & Jugendarbeit | C15: Niedereschach | D15: d_storz@lfa.org | E15: Klein & Gelegentlich
A16: Sportkegelclub Rot-Weiß Unterkirnach | B16: Sportangebot | C16: Unterkirnach | D16: michaelstorzukn@t-online.de | E16: Klein & Gelegentlich
A17: Trachtenkapelle Buchenberg | B17: Musik | C17: Königsfeld | D17: tk-buchenberg@t-online.de | E17: Klein & Gelegentlich
